--Customer Table
CREATE TABLE customer (
    CustomerID NUMBER GENERATED BY DEFAULT ON NULL AS IDENTITY PRIMARY KEY,
    FirstName VARCHAR2(100) NOT NULL,
    LastName VARCHAR2(100) NOT NULL,
    PhoneNumber VARCHAR2(15) NOT NULL,
    Email VARCHAR2(100) UNIQUE NOT NULL,
    Address VARCHAR2(255) NOT NULL,
    CONSTRAINT chk_phone_length CHECK (LENGTH(PhoneNumber) <= 12)
);

-- Insert Customers
INSERT INTO customer (FirstName, LastName, PhoneNumber, Email, Address) VALUES ('Kasun', 'Kalhara', '0771234567', 'kasun@gmail.com', '123, Temple Road, Colombo');
INSERT INTO customer (FirstName, LastName, PhoneNumber, Email, Address) VALUES ('Lahiru', 'Galagoda', '0719876543', 'lahiru@gmail.com', '45, Lake Drive, Kandy');
INSERT INTO customer (FirstName, LastName, PhoneNumber, Email, Address) VALUES ('Pasan', 'Jayakodi', '0723456789', 'pasan111@gmail.com', '78, Flower Avenue, Galle');
INSERT INTO customer (FirstName, LastName, PhoneNumber, Email, Address) VALUES ('Akash', 'Niroshan', '0762345678', 'akash22@gmail.com', '90, Beach Road, Matara');

SELECT * FROM customer;

-- Employee Table 
CREATE TABLE Employee (
    EmpID NUMBER GENERATED BY DEFAULT ON NULL AS IDENTITY PRIMARY KEY,
    FirstName VARCHAR2(100) NOT NULL,
    LastName VARCHAR2(100) NOT NULL,
    PhoneNumber VARCHAR2(15) NOT NULL,
    JobRole VARCHAR2(100) NOT NULL, 
    CONSTRAINT chk_phone_emp CHECK (LENGTH(PhoneNumber) <= 12)
);

INSERT INTO Employee (FirstName, LastName, PhoneNumber, JobRole) VALUES ('Navindu', 'Frenando', '0771234567', 'BA');
INSERT INTO Employee (FirstName, LastName, PhoneNumber, JobRole) VALUES ('Nethusha', 'Ilukpitiya', '0719876543', 'Fullstack Developer');
INSERT INTO Employee (FirstName, LastName, PhoneNumber, JobRole) VALUES ('Nazeef', 'Hazan', '0723456789', 'Fullstack Developer');
INSERT INTO Employee (FirstName, LastName, PhoneNumber, JobRole) VALUES ('Dileeshapa', 'Dananajaya', '0769054008', 'Project Manager');
INSERT INTO Employee (FirstName, LastName, PhoneNumber, JobRole) VALUES ('Yasindu', 'Frenando', '0762345678', 'IT Manager');
INSERT INTO Employee (FirstName, LastName, PhoneNumber, JobRole) VALUES ('Malinga', 'Lakamal', '0777900540', 'Frontend Developer');
INSERT INTO Employee (FirstName, LastName, PhoneNumber, JobRole) VALUES ('Dias', 'Hettiegay', '0743115589', 'Frontend Developer');

SELECT * FROM Employee;

--ClientProject Table 
CREATE TABLE ClientProject (
    ProjectID NUMBER GENERATED BY DEFAULT ON NULL AS IDENTITY PRIMARY KEY,
    CustomerID NUMBER NOT NULL,
    ProjectName VARCHAR2(100) NOT NULL, 
    Platform VARCHAR2(50) NOT NULL, 
    StartDate DATE DEFAULT SYSDATE,
    Status VARCHAR2(50) DEFAULT 'Active',
    FOREIGN KEY (CustomerID) REFERENCES customer(CustomerID)
);

INSERT INTO ClientProject (CustomerID, ProjectName, Platform, StartDate, Status) VALUES (1, 'Kasun E-Shop', 'Web', TO_DATE('2024-01-15','YYYY-MM-DD'), 'Active');
INSERT INTO ClientProject (CustomerID, ProjectName, Platform, StartDate, Status) VALUES (2, 'Kandy Hotel Booking App', 'Mobile', TO_DATE('2024-02-10','YYYY-MM-DD'), 'In Progress');
INSERT INTO ClientProject (CustomerID, ProjectName, Platform, StartDate, Status) VALUES (3, 'Galle Logistics System', 'Desktop', TO_DATE('2024-03-05','YYYY-MM-DD'), 'Testing');
INSERT INTO ClientProject (CustomerID, ProjectName, Platform, StartDate, Status) VALUES (4, 'Matara School LMS', 'Web', TO_DATE('2024-04-20','YYYY-MM-DD'), 'Deployed');

SELECT * FROM ClientProject;

--Consultation Table 
CREATE TABLE Consultation (
    ConsultationID NUMBER GENERATED BY DEFAULT ON NULL AS IDENTITY PRIMARY KEY,
    CustomerID NUMBER NOT NULL,
    ProjectID NUMBER NOT NULL,
    ConsultationDate DATE NOT NULL,
    Topic VARCHAR2(100) NOT NULL, 
    Status VARCHAR2(20) CHECK (Status IN ('Scheduled', 'In Progress', 'Completed')) NOT NULL,
    EmpID NUMBER NOT NULL, 
    FOREIGN KEY (CustomerID) REFERENCES customer(CustomerID),
    FOREIGN KEY (ProjectID) REFERENCES ClientProject(ProjectID),
    FOREIGN KEY (EmpID) REFERENCES Employee(EmpID)
);

INSERT INTO Consultation (CustomerID, ProjectID, ConsultationDate, Topic, Status, EmpID) 
VALUES (1, 1, TO_DATE('2024-10-10', 'YYYY-MM-DD'), 'UI/UX Review', 'Scheduled', 6); 

INSERT INTO Consultation (CustomerID, ProjectID, ConsultationDate, Topic, Status, EmpID) 
VALUES (2, 2, TO_DATE('2024-10-12', 'YYYY-MM-DD'), 'Backend API Integration', 'In Progress', 2); 

INSERT INTO Consultation (CustomerID, ProjectID, ConsultationDate, Topic, Status, EmpID) 
VALUES (3, 3, TO_DATE('2024-10-15', 'YYYY-MM-DD'), 'System Requirements', 'Completed', 1); 

INSERT INTO Consultation (CustomerID, ProjectID, ConsultationDate, Topic, Status, EmpID) 
VALUES (4, 4, TO_DATE('2024-10-18', 'YYYY-MM-DD'), 'Final Delivery Check', 'Scheduled', 4); 

SELECT * FROM Consultation;

--ProjectTask Table 
CREATE TABLE ProjectTask (
    TaskID NUMBER GENERATED BY DEFAULT ON NULL AS IDENTITY PRIMARY KEY,
    ConsultationID NUMBER NOT NULL,
    EmpID NUMBER NOT NULL,
    TaskDescription VARCHAR2(255) NOT NULL,
    HoursWorked NUMBER NOT NULL,
    HourlyRate NUMBER(10, 2) NOT NULL,
    FOREIGN KEY (ConsultationID) REFERENCES Consultation(ConsultationID),
    FOREIGN KEY (EmpID) REFERENCES Employee(EmpID)
);

INSERT INTO ProjectTask (ConsultationID, EmpID, TaskDescription, HoursWorked, HourlyRate) VALUES (1, 6, 'Designing Home Page Layout', 5, 2000.00);
INSERT INTO ProjectTask (ConsultationID, EmpID, TaskDescription, HoursWorked, HourlyRate) VALUES (2, 2, 'Developing Login API', 8, 3000.00);
INSERT INTO ProjectTask (ConsultationID, EmpID, TaskDescription, HoursWorked, HourlyRate) VALUES (3, 1, 'Creating SRS Document', 10, 2500.00);
INSERT INTO ProjectTask (ConsultationID, EmpID, TaskDescription, HoursWorked, HourlyRate) VALUES (4, 4, 'User Acceptance Testing', 4, 4000.00);

SELECT * FROM ProjectTask;

--DigitalAsset Table 
CREATE TABLE DigitalAsset (
    AssetID NUMBER GENERATED BY DEFAULT ON NULL AS IDENTITY PRIMARY KEY,
    AssetName VARCHAR2(100) NOT NULL,
    Provider VARCHAR2(100) NOT NULL,
    Price NUMBER(10, 2) CHECK (Price > 0) NOT NULL,
    QuantityAvailable NUMBER CHECK (QuantityAvailable >= 0) NOT NULL 
);

INSERT INTO DigitalAsset (AssetName, Provider, Price, QuantityAvailable) VALUES ('Cloud Hosting (Yearly)', 'AWS', 15000.00, 50);
INSERT INTO DigitalAsset (AssetName, Provider, Price, QuantityAvailable) VALUES ('AI Chatbot Token Pack', 'OpenAI', 5000.00, 100);
INSERT INTO DigitalAsset (AssetName, Provider, Price, QuantityAvailable) VALUES ('SSL Security Certificate', 'Cloudflare', 3000.00, 200);
INSERT INTO DigitalAsset (AssetName, Provider, Price, QuantityAvailable) VALUES ('Premium Support Package', 'DayJay', 10000.00, 20);

SELECT * FROM DigitalAsset;

--AssetOrder  Table 
CREATE TABLE AssetOrder (
    OrderID NUMBER GENERATED BY DEFAULT ON NULL AS IDENTITY PRIMARY KEY,
    CustomerID NUMBER NOT NULL,
    AssetID NUMBER NOT NULL,
    OrderDate DATE DEFAULT SYSDATE,
    Quantity NUMBER NOT NULL,
    TotalPrice NUMBER(10, 2) NOT NULL,
    FOREIGN KEY (CustomerID) REFERENCES customer(CustomerID),
    FOREIGN KEY (AssetID) REFERENCES DigitalAsset(AssetID),
    CONSTRAINT chk_quantity CHECK (Quantity > 0)
);

INSERT INTO AssetOrder (CustomerID, AssetID, Quantity, TotalPrice) VALUES (1, 1, 1, 15000.00); 
INSERT INTO AssetOrder (CustomerID, AssetID, Quantity, TotalPrice) VALUES (2, 2, 2, 10000.00); 
INSERT INTO AssetOrder (CustomerID, AssetID, Quantity, TotalPrice) VALUES (3, 3, 1, 3000.00);  
INSERT INTO AssetOrder (CustomerID, AssetID, Quantity, TotalPrice) VALUES (4, 4, 1, 10000.00); 

SELECT * FROM AssetOrder;

--Invoice Table
CREATE TABLE Invoice (
    InvoiceID NUMBER GENERATED BY DEFAULT ON NULL AS IDENTITY PRIMARY KEY,
    ConsultationID NUMBER,
    OrderID NUMBER,
    TotalAmount NUMBER(10, 2) NOT NULL,
    InvoiceDate DATE DEFAULT SYSDATE,
    FOREIGN KEY (ConsultationID) REFERENCES Consultation(ConsultationID),
    FOREIGN KEY (OrderID) REFERENCES AssetOrder(OrderID)
);

INSERT INTO Invoice (ConsultationID, OrderID, TotalAmount) VALUES (1, 1, 25000.00); 
INSERT INTO Invoice (ConsultationID, OrderID, TotalAmount) VALUES (2, 2, 34000.00);
INSERT INTO Invoice (ConsultationID, OrderID, TotalAmount) VALUES (3, 3, 28000.00);
INSERT INTO Invoice (ConsultationID, OrderID, TotalAmount) VALUES (4, 4, 26000.00);

SELECT * FROM Invoice;

--Payment Table
CREATE TABLE Payment (
    PaymentID NUMBER GENERATED BY DEFAULT ON NULL AS IDENTITY PRIMARY KEY,
    InvoiceID NUMBER NOT NULL,
    PaymentDate DATE DEFAULT SYSDATE,
    PaymentMethod VARCHAR2(50) CHECK (PaymentMethod IN ('Cash', 'Credit Card', 'Debit Card', 'Bank Transfer')) NOT NULL,
    AmountPaid NUMBER(10, 2) NOT NULL,
    FOREIGN KEY (InvoiceID) REFERENCES Invoice(InvoiceID)
);

INSERT INTO Payment (InvoiceID, PaymentMethod, AmountPaid) VALUES (1, 'Credit Card', 25000.00);
INSERT INTO Payment (InvoiceID, PaymentMethod, AmountPaid) VALUES (2, 'Bank Transfer', 34000.00);
INSERT INTO Payment (InvoiceID, PaymentMethod, AmountPaid) VALUES (3, 'Cash', 28000.00);
INSERT INTO Payment (InvoiceID, PaymentMethod, AmountPaid) VALUES (4, 'Debit Card', 26000.00);

SELECT * FROM Payment;

---------------------------Queries (DML Operations)-----------------------------

--WHERE Clause
SELECT * 
FROM customer
WHERE Address = 'Colombo';

--WHERE with AND
SELECT *
FROM Consultation
WHERE Status = 'Scheduled'
AND CustomerID = 1;

--WHERE with OR
SELECT *
FROM Employee
WHERE JobRole = 'Frontend Developer'
OR JobRole = 'BA';

--LIKE Clause
SELECT *
FROM customer
WHERE FirstName LIKE 'K%';

-- ORDER BY
SELECT *
FROM Employee
ORDER BY FirstName ASC;

--GROUP BY
SELECT Status, COUNT(*) AS TotalConsultations
FROM Consultation
GROUP BY Status;

--GROUP BY + HAVING
SELECT CustomerID, COUNT(*) AS TotalMeetings
FROM Consultation
GROUP BY CustomerID
HAVING COUNT(*) > 1;

--JOIN Query
SELECT 
    c.FirstName || ' ' || c.LastName AS CustomerName,
    p.ProjectName,
    con.Topic,
    con.Status
FROM Consultation con
JOIN customer c ON con.CustomerID = c.CustomerID
JOIN ClientProject p ON con.ProjectID = p.ProjectID;

---JOIN + ORDER BY
SELECT 
    e.FirstName || ' ' || e.LastName AS EmployeeName,
    pt.TaskDescription,
    pt.HoursWorked
FROM ProjectTask pt
JOIN Employee e ON pt.EmpID = e.EmpID
ORDER BY pt.HoursWorked DESC;

----------------------------PL/SQL Programming------------------------------------
SET SERVEROUTPUT ON;

-- 1. PROCEDURE: Add New Customer
CREATE OR REPLACE PROCEDURE AddCustomer(
    p_FirstName VARCHAR2,
    p_LastName VARCHAR2,
    p_PhoneNumber VARCHAR2,
    p_Email VARCHAR2,
    p_Address VARCHAR2
) AS
BEGIN
    INSERT INTO customer (FirstName, LastName, PhoneNumber, Email, Address)
    VALUES (p_FirstName, p_LastName, p_PhoneNumber, p_Email, p_Address);
    COMMIT;
    DBMS_OUTPUT.PUT_LINE('New Client Added Successfully.');
END AddCustomer;
/
BEGIN
    AddCustomer('Theja', 'Alakeshwara', '0771234567', 'theja.ale@example.com', '123 Main Street, Colombo');
END;
/

-- 2. PROCEDURE: Read Customer Details
CREATE OR REPLACE PROCEDURE ReadCustomer(
    p_CustomerID NUMBER
) AS
    v_FirstName customer.FirstName%TYPE;
    v_LastName customer.LastName%TYPE;
    v_PhoneNumber customer.PhoneNumber%TYPE;
    v_Email customer.Email%TYPE;
    v_Address customer.Address%TYPE;
BEGIN
    SELECT FirstName, LastName, PhoneNumber, Email, Address
    INTO v_FirstName, v_LastName, v_PhoneNumber, v_Email, v_Address
    FROM customer
    WHERE CustomerID = p_CustomerID
    AND ROWNUM = 1; 

    DBMS_OUTPUT.PUT_LINE('--- Client Profile ---');
    DBMS_OUTPUT.PUT_LINE('Name: ' || v_FirstName || ' ' || v_LastName);
    DBMS_OUTPUT.PUT_LINE('Phone: ' || v_PhoneNumber);
    DBMS_OUTPUT.PUT_LINE('Email: ' || v_Email);
    DBMS_OUTPUT.PUT_LINE('Address: ' || v_Address);
    
EXCEPTION
    WHEN NO_DATA_FOUND THEN
        DBMS_OUTPUT.PUT_LINE('Client not found with ID: ' || p_CustomerID);
END ReadCustomer;
/
BEGIN
    ReadCustomer(1);  
END;
/

--PROCEDURE: Update Customer
CREATE OR REPLACE PROCEDURE UpdateCustomer(
    p_CustomerID NUMBER,
    p_FirstName VARCHAR2,
    p_LastName VARCHAR2,
    p_PhoneNumber VARCHAR2,
    p_Email VARCHAR2,
    p_Address VARCHAR2
) AS
BEGIN
    UPDATE customer
    SET FirstName = p_FirstName,
        LastName = p_LastName,
        PhoneNumber = p_PhoneNumber,
        Email = p_Email,
        Address = p_Address
    WHERE CustomerID = p_CustomerID;
    
    IF SQL%ROWCOUNT = 0 THEN
        RAISE_APPLICATION_ERROR(-20001, 'Client not found.');
    ELSE
        DBMS_OUTPUT.PUT_LINE('Client Details Updated.');
    END IF;
    COMMIT;
END UpdateCustomer;
/
BEGIN
    UpdateCustomer(2, 'Lahiru', 'Galagoda', '0719998888', 'lahiru.new@gmail.com', 'Updated Address, Kandy');
END;
/

--PROCEDURE: Schedule Consultation
CREATE OR REPLACE PROCEDURE ScheduleConsultation(
    p_CustomerID NUMBER,
    p_ProjectID NUMBER,
    p_Date DATE,
    p_Topic VARCHAR2,
    p_Status VARCHAR2,
    p_EmpID NUMBER
) AS
BEGIN
    IF p_Status NOT IN ('Scheduled', 'In Progress', 'Completed') THEN
        RAISE_APPLICATION_ERROR(-20002, 'Invalid Status.');
    END IF;
    
    INSERT INTO Consultation (CustomerID, ProjectID, ConsultationDate, Topic, Status, EmpID)
    VALUES (p_CustomerID, p_ProjectID, p_Date, p_Topic, p_Status, p_EmpID);
    
    COMMIT;
    DBMS_OUTPUT.PUT_LINE('Consultation Scheduled Successfully.');
END ScheduleConsultation;
/
BEGIN
    ScheduleConsultation(1, 1, SYSDATE + 2, 'Database Migration Plan', 'Scheduled', 4);
END;
/

--PL/SQL Block Example IF/ELSE
DECLARE
    v_hours NUMBER := 5;
    v_rate NUMBER := 2000;
    v_total NUMBER;
BEGIN
    v_total := v_hours * v_rate;

    IF v_total > 10000 THEN
        DBMS_OUTPUT.PUT_LINE('High value task');
    ELSE
        DBMS_OUTPUT.PUT_LINE('Normal task');
    END IF;

    DBMS_OUTPUT.PUT_LINE('Total Cost: ' || v_total);
END;
/

--FUNCTION: Get Consultations For A Project
CREATE OR REPLACE FUNCTION GetProjectConsultations(p_ProjectID NUMBER) 
RETURN SYS_REFCURSOR AS
    c_consultations SYS_REFCURSOR;
BEGIN
    OPEN c_consultations FOR 
        SELECT c.ConsultationID, c.ConsultationDate, c.Topic, c.Status, 
               e.FirstName || ' ' || e.LastName AS EmployeeName
        FROM Consultation c
        JOIN Employee e ON c.EmpID = e.EmpID
        WHERE c.ProjectID = p_ProjectID
        ORDER BY c.ConsultationDate DESC;
    
    RETURN c_consultations;
END GetProjectConsultations;
/
DECLARE
    v_cursor SYS_REFCURSOR;
    v_ID NUMBER;
    v_Date DATE;
    v_Topic VARCHAR2(100);
    v_Status VARCHAR2(20);
    v_EmpName VARCHAR2(200);
BEGIN
    v_cursor := GetProjectConsultations(1);
    
    DBMS_OUTPUT.PUT_LINE('--- Project Consultations ---');
    LOOP
        FETCH v_cursor INTO v_ID, v_Date, v_Topic, v_Status, v_EmpName;
        EXIT WHEN v_cursor%NOTFOUND;
        DBMS_OUTPUT.PUT_LINE(v_ID || ' | ' || v_Date || ' | ' || v_Topic || ' | Handled By: ' || v_EmpName);
    END LOOP;
    CLOSE v_cursor;
END;
/

--PROCEDURE: Update Consultation Status
CREATE OR REPLACE PROCEDURE UpdateConsultationStatus(
    p_ConsultationID NUMBER,
    p_Status VARCHAR2
) AS
BEGIN
    UPDATE Consultation
    SET Status = p_Status
    WHERE ConsultationID = p_ConsultationID;
    
    IF SQL%ROWCOUNT = 0 THEN
        RAISE_APPLICATION_ERROR(-20002, 'Consultation not found.');
    END IF;
    COMMIT;
    DBMS_OUTPUT.PUT_LINE('Consultation Status Updated.');
END UpdateConsultationStatus;
/
BEGIN
    UpdateConsultationStatus(1, 'Completed');
END;
/

--Delete Asset Order
CREATE OR REPLACE PROCEDURE DeleteAssetOrder(p_OrderID NUMBER) AS
BEGIN
    DELETE FROM AssetOrder WHERE OrderID = p_OrderID;
    
    IF SQL%ROWCOUNT = 0 THEN
        RAISE_APPLICATION_ERROR(-20004, 'Order not found or already deleted.');
    END IF;
    COMMIT;
    DBMS_OUTPUT.PUT_LINE('Asset Order Deleted.');
END DeleteAssetOrder;
/
BEGIN
    DeleteAssetOrder(4);
END;
/

--PROCEDURE: Get Customer Consultation Count
CREATE OR REPLACE PROCEDURE GetCustomerStats(
    p_CustomerID NUMBER
) AS
    v_Total NUMBER := 0;
    v_Completed NUMBER := 0;
BEGIN
    SELECT COUNT(*) INTO v_Total
    FROM Consultation WHERE CustomerID = p_CustomerID;

    SELECT COUNT(*) INTO v_Completed
    FROM Consultation WHERE CustomerID = p_CustomerID AND Status = 'Completed';

    DBMS_OUTPUT.PUT_LINE('Total Consultations: ' || v_Total);
    DBMS_OUTPUT.PUT_LINE('Completed Consultations: ' || v_Completed);
    
    IF v_Completed = 0 THEN
        DBMS_OUTPUT.PUT_LINE('Status: New Client (No completions yet).');
    ELSE
        DBMS_OUTPUT.PUT_LINE('Status: Active Client.');
    END IF;
END GetCustomerStats;
/
BEGIN
    DBMS_OUTPUT.PUT_LINE('--- Customer Stats for ID 1 ---');
    GetCustomerStats(1);
END;
/

--FUNCTION: Calculate Digital Asset Discount
CREATE OR REPLACE FUNCTION CalculateAssetDiscount(
    p_Quantity NUMBER,
    p_AssetID NUMBER
) RETURN NUMBER AS
    v_Discount NUMBER := 0;
    v_Price NUMBER;
BEGIN
    BEGIN
        SELECT Price INTO v_Price FROM DigitalAsset WHERE AssetID = p_AssetID;
    EXCEPTION
        WHEN NO_DATA_FOUND THEN
            RAISE_APPLICATION_ERROR(-20001, 'Asset not found.');
    END;

    v_Discount := CASE
                    WHEN p_Quantity >= 10 THEN 0.20 * v_Price 
                    WHEN p_Quantity >= 5 THEN 0.10 * v_Price   
                    ELSE 0                                     
                  END;

    RETURN v_Discount;
END CalculateAssetDiscount;
/
DECLARE
    v_DiscAmount NUMBER;
    v_Qty NUMBER := 10;
    v_AssetID NUMBER := 2;
BEGIN
    v_DiscAmount := CalculateAssetDiscount(v_Qty, v_AssetID);
    DBMS_OUTPUT.PUT_LINE('Discount per item for buying ' || v_Qty || ' units: Rs.' || v_DiscAmount);
END;
/

--REPORT: Customer Consultation Report
CREATE OR REPLACE PROCEDURE ClientActivityReport AS
    CURSOR client_cur IS
        SELECT c.CustomerID, c.FirstName, c.LastName, 
               COUNT(con.ConsultationID) AS TotalCons,
               SUM(CASE WHEN con.Status = 'Completed' THEN 1 ELSE 0 END) AS Completed
        FROM customer c
        LEFT JOIN Consultation con ON c.CustomerID = con.CustomerID
        GROUP BY c.CustomerID, c.FirstName, c.LastName
        ORDER BY TotalCons DESC;
BEGIN
    DBMS_OUTPUT.PUT_LINE('ID | Name             | Total Meetings | Completed');
    DBMS_OUTPUT.PUT_LINE('--------------------------------------------------');
    FOR r IN client_cur LOOP
        DBMS_OUTPUT.PUT_LINE(r.CustomerID || '  | ' || r.FirstName || ' ' || r.LastName || ' | ' || r.TotalCons || '              | ' || r.Completed);
    END LOOP;
END ClientActivityReport;
/
BEGIN
    DBMS_OUTPUT.PUT_LINE('--- Executing Client Activity Report ---');
    ClientActivityReport;
END;
/

--REPORT: Digital Asset Stock Report
CREATE OR REPLACE PROCEDURE DigitalAssetReport AS
    CURSOR asset_cur IS
        SELECT AssetName, Provider, QuantityAvailable
        FROM DigitalAsset
        ORDER BY QuantityAvailable ASC;
BEGIN
    DBMS_OUTPUT.PUT_LINE('Asset Name             | Provider      | Available Qty');
    DBMS_OUTPUT.PUT_LINE('----------------------------------------------------');
    FOR r IN asset_cur LOOP
        DBMS_OUTPUT.PUT_LINE(RPAD(r.AssetName, 22) || ' | ' || RPAD(r.Provider, 13) || ' | ' || r.QuantityAvailable);
    END LOOP;
END DigitalAssetReport;
/
BEGIN
    DBMS_OUTPUT.PUT_LINE('--- Executing Digital Asset Report ---');
    DigitalAssetReport;
END;
/

--REPORT: Developer Performance Report
CREATE OR REPLACE PROCEDURE DeveloperPerformanceReport AS
    CURSOR dev_cur IS
        SELECT e.EmpID, e.FirstName, e.LastName, e.JobRole,
               NVL(SUM(pt.HoursWorked), 0) AS TotalHours
        FROM Employee e
        LEFT JOIN ProjectTask pt ON e.EmpID = pt.EmpID
        GROUP BY e.EmpID, e.FirstName, e.LastName, e.JobRole
        ORDER BY TotalHours DESC;
BEGIN
    DBMS_OUTPUT.PUT_LINE('Name               | Role               | Hours Worked');
    DBMS_OUTPUT.PUT_LINE('----------------------------------------------------');
    FOR r IN dev_cur LOOP
        DBMS_OUTPUT.PUT_LINE(RPAD(r.FirstName || ' ' || r.LastName, 18) || ' | ' || RPAD(r.JobRole, 18) || ' | ' || r.TotalHours);
    END LOOP;
END DeveloperPerformanceReport;
/
BEGIN
    DBMS_OUTPUT.PUT_LINE('--- Executing Developer Performance Report ---');
    DeveloperPerformanceReport;
END;
/

--Execute All Reports Combined
BEGIN
    DBMS_OUTPUT.PUT_LINE('--- CLIENT ACTIVITY ---');
    ClientActivityReport;
    DBMS_OUTPUT.PUT_LINE(CHR(10) || '--- ASSET STOCK ---');
    DigitalAssetReport;
    DBMS_OUTPUT.PUT_LINE(CHR(10) || '--- DEV PERFORMANCE ---');
    DeveloperPerformanceReport;
END;
/

---------------------------ROLES AND SECURITY-------------------------------

CREATE ROLE admin_role;
CREATE ROLE developer_role;
CREATE ROLE client_role;

GRANT SELECT, INSERT, UPDATE, DELETE ON customer TO admin_role;
GRANT SELECT, INSERT, UPDATE, DELETE ON Employee TO admin_role;
GRANT SELECT, INSERT, UPDATE, DELETE ON ClientProject TO admin_role;

GRANT SELECT, INSERT, UPDATE ON ProjectTask TO developer_role;
GRANT SELECT ON Consultation TO developer_role;

GRANT SELECT ON ClientProject TO client_role;
GRANT SELECT ON Invoice TO client_role;

CREATE USER admin_user IDENTIFIED BY admin123;
CREATE USER developer_user IDENTIFIED BY dev123;
CREATE USER client_user IDENTIFIED BY client123;

GRANT admin_role TO admin_user;
GRANT developer_role TO developer_user;
GRANT client_role TO client_user;

GRANT CREATE SESSION TO admin_user;
GRANT CREATE SESSION TO developer_user;
GRANT CREATE SESSION TO client_user;
